,passengerid,survived,pclass,name,sex,age,sibsp,parch,ticket,fare,cabin,embarked
0,1,0,3,"Braund, Mr. Owen Harris",Male,22.0,1,0,A/5 21171,7.25,,S
1,2,1,1,"Cumings, Mrs. John Bradley (Florence Briggs Thayer)",Female,38.0,1,0,PC 17599,71.2833,C85,C
2,4,1,1,"Futrelle, Mrs. Jacques Heath (Lily May Peel)",Female,35.0,1,0,113803,53.1,C123,S
3,5,0,3,"Allen, Mr. William Henry",Male,35.0,0,0,373450,8.05,,S
4,7,0,1,"McCarthy, Mr. Timothy J",Male,54.0,0,0,17463,51.8625,E46,S
5,9,1,3,"Johnson, Mrs. Oscar W (Elisabeth Vilhelmina Berg)",Female,27.0,0,2,347742,11.1333,,S
6,10,1,2,"Nasser, Mrs. Nicholas (Adele Achem)",Female,14.0,1,0,237736,30.0708,,C
8,13,0,3,"Saundercock, Mr. William Henry",Male,20.0,0,0,A/5. 2151,8.05,,S
9,14,0,3,"Andersson, Mr. Anders Johan",Male,39.0,1,5,347082,31.275,,S
11,16,1,2,"Hewlett, Mrs. (Mary D Kingcome) ",Female,55.0,0,0,248706,16.0,,S
12,17,0,3,"Rice, Master. Eugene",Male,2.0,4,1,382652,29.125,,Q
14,19,0,3,"Vander Planke, Mrs. Julius (Emelia Maria Vandemoortele)",Female,31.0,1,0,345763,18.0,,S
15,20,1,3,"Masselmani, Mrs. Fatima",Female,71.0,0,0,2649,7.225,,C
16,21,0,2,"Fynney, Mr. Joseph J",Male,35.0,0,0,239865,26.0,,S
17,22,1,2,"Beesley, Mr. Lawrence",Male,34.0,0,0,248698,13.0,D56,S
18,23,1,3,"McGowan, Miss. Anna ""Annie""",Female,15.0,0,0,330923,8.0292,,Q
19,24,1,1,"Sloper, Mr. William Thompson",Male,28.0,0,0,113788,35.5,A6,S
20,26,1,3,"Asplund, Mrs. Carl Oscar (Selma Augusta Emilia Johansson)",Female,38.0,1,5,347077,31.3875,,S
21,27,0,3,"Emir, Mr. Farred Chehab",Male,71.0,0,0,2631,7.225,,C
22,28,0,1,"Fortune, Mr. Charles Alexander",Male,19.0,3,2,19950,263.0,C23 C25 C27,S
23,29,1,3,"O'Dwyer, Miss. Ellen ""Nellie""",Female,71.0,0,0,330959,7.8792,,Q
24,30,0,3,"Todoroff, Mr. Lalio",Male,71.0,0,0,349216,7.8958,,S
25,31,0,1,"Uruchurtu, Don. Manuel E",Male,40.0,0,0,PC 17601,27.7208,,C
26,32,1,1,"Spencer, Mrs. William Augustus (Marie Eugenie)",Female,71.0,1,0,PC 17569,146.5208,B78,C
27,33,1,3,"Glynn, Miss. Mary Agatha",Female,71.0,0,0,335677,7.75,,Q
28,34,0,2,"Wheadon, Mr. Edward H",Male,66.0,0,0,C.A. 24579,10.5,,S
29,35,0,1,"Meyer, Mr. Edgar Joseph",Male,28.0,1,0,PC 17604,82.1708,,C
30,36,0,1,"Holverson, Mr. Alexander Oskar",Male,42.0,1,0,113789,52.0,,S
31,37,1,3,"Mamee, Mr. Hanna",Male,71.0,0,0,2677,7.2292,,C
32,38,0,3,"Cann, Mr. Ernest Charles",Male,21.0,0,0,A./5. 2152,8.05,,S
33,39,0,3,"Vander Planke, Miss. Augusta Maria",Female,18.0,2,0,345764,18.0,,S
34,40,1,3,"Nicola-Yarred, Miss. Jamila",Female,14.0,1,0,2651,11.2417,,C
35,41,0,3,"Ahlin, Mrs. Johan (Johanna Persdotter Larsson)",Female,40.0,1,0,7546,9.475,,S
36,42,0,2,"Turpin, Mrs. William John Robert (Dorothy Ann Wonnacott)",Female,27.0,1,0,11668,21.0,,S
37,43,0,3,"Kraeff, Mr. Theodor",Male,71.0,0,0,349253,7.8958,,C
38,44,1,2,"Laroche, Miss. Simonne Marie Anne Andree",Female,3.0,1,2,SC/Paris 2123,41.5792,,C
39,45,1,3,"Devaney, Miss. Margaret Delia",Female,19.0,0,0,330958,7.8792,,Q
40,46,0,3,"Rogers, Mr. William John",Male,71.0,0,0,S.C./A.4. 23567,8.05,,S
41,47,0,3,"Lennon, Mr. Denis",Male,71.0,1,0,370371,15.5,,Q
42,48,1,3,"O'Driscoll, Miss. Bridget",Female,71.0,0,0,14311,7.75,,Q
43,49,0,3,"Samaan, Mr. Youssef",Male,71.0,2,0,2662,21.6792,,C
44,50,0,3,"Arnold-Franchi, Mrs. Josef (Josefine Franchi)",Female,18.0,1,0,349237,17.8,,S
45,51,0,3,"Panula, Master. Juha Niilo",Male,7.0,4,1,3101295,39.6875,,S
46,52,0,3,"Nosworthy, Mr. Richard Cater",Male,21.0,0,0,A/4. 39886,7.8,,S
47,53,1,1,"Harper, Mrs. Henry Sleeper (Myna Haxtun)",Female,49.0,1,0,PC 17572,76.7292,D33,C
48,54,1,2,"Faunthorpe, Mrs. Lizzie (Elizabeth Anne Wilkinson)",Female,29.0,1,0,2926,26.0,,S
49,55,0,1,"Ostby, Mr. Engelhart Cornelius",Male,65.0,0,1,113509,61.9792,B30,C
50,57,1,2,"Rugg, Miss. Emily",Female,21.0,0,0,C.A. 31026,10.5,,S
51,58,0,3,"Novel, Mr. Mansouer",Male,28.5,0,0,2697,7.2292,,C
52,59,1,2,"West, Miss. Constance Mirium",Female,5.0,1,2,C.A. 34651,27.75,,S
53,60,0,3,"Goodwin, Master. William Frederick",Male,11.0,5,2,CA 2144,46.9,,S
54,61,0,3,"Sirayanian, Mr. Orsen",Male,22.0,0,0,2669,7.2292,,C
56,63,0,1,"Harris, Mr. Henry Birkhardt",Male,45.0,1,0,36973,83.475,C83,S
57,64,0,3,"Skoog, Master. Harald",Male,4.0,3,2,347088,27.9,,S
58,65,0,1,"Stewart, Mr. Albert A",Male,71.0,0,0,PC 17605,27.7208,,C
59,66,1,3,"Moubarek, Master. Gerios",Male,71.0,1,1,2661,15.2458,,C
60,68,0,3,"Crease, Mr. Ernest James",Male,19.0,0,0,S.P. 3464,8.1583,,S
61,69,1,3,"Andersson, Miss. Erna Alexandra",Female,17.0,4,2,3101281,7.925,,S
62,70,0,3,"Kink, Mr. Vincenz",Male,26.0,2,0,315151,8.6625,,S
63,71,0,2,"Jenkin, Mr. Stephen Curnow",Male,32.0,0,0,C.A. 33111,10.5,,S
64,72,0,3,"Goodwin, Miss. Lillian Amy",Female,16.0,5,2,CA 2144,46.9,,S
65,73,0,2,"Hood, Mr. Ambrose Jr",Male,21.0,0,0,S.O.C. 14879,73.5,,S
66,74,0,3,"Chronopoulos, Mr. Apostolos",Male,26.0,1,0,2680,14.4542,,C
67,75,1,3,"Bing, Mr. Lee",Male,32.0,0,0,1601,56.4958,,S
68,76,0,3,"Moen, Mr. Sigurd Hansen",Male,25.0,0,0,348123,7.65,F G73,S
69,77,0,3,"Staneff, Mr. Ivan",Male,71.0,0,0,349208,7.8958,,S
70,79,1,2,"Caldwell, Master. Alden Gates",Male,0.83,0,2,248738,29.0,,S
71,80,1,3,"Dowdell, Miss. Elizabeth",Female,30.0,0,0,364516,12.475,,S
72,81,0,3,"Waelens, Mr. Achille",Male,22.0,0,0,345767,9.0,,S
73,82,1,3,"Sheerlinck, Mr. Jan Baptist",Male,29.0,0,0,345779,9.5,,S
74,83,1,3,"McDermott, Miss. Brigdet Delia",Female,71.0,0,0,330932,7.7875,,Q
75,84,0,1,"Carrau, Mr. Francisco M",Male,28.0,0,0,113059,47.1,,S
76,85,1,2,"Ilett, Miss. Bertha",Female,17.0,0,0,SO/C 14885,10.5,,S
77,86,1,3,"Backstrom, Mrs. Karl Alfred (Maria Mathilda Gustafsson)",Female,33.0,3,0,3101278,15.85,,S
78,87,0,3,"Ford, Mr. William Neal",Male,16.0,1,3,W./C. 6608,34.375,,S
79,88,0,3,"Slocovski, Mr. Selman Francis",Male,71.0,0,0,SOTON/OQ 392086,8.05,,S
80,89,1,1,"Fortune, Miss. Mabel Helen",Female,23.0,3,2,19950,263.0,C23 C25 C27,S
81,90,0,3,"Celotti, Mr. Francesco",Male,24.0,0,0,343275,8.05,,S
82,149,0,2,"Navratil, Mr. Michel (""Louis M Hoffman"")",Male,36.5,0,2,230080,26.0,F2,S
83,91,0,3,"Christmann, Mr. Emil",Male,29.0,0,0,343276,8.05,,S
84,92,0,3,"Andreasson, Mr. Paul Edvin",Male,20.0,0,0,347466,7.8542,,S
85,93,0,1,"Chaffee, Mr. Herbert Fuller",Male,46.0,1,0,W.E.P. 5734,61.175,E31,S
86,94,0,3,"Dean, Mr. Bertram Frank",Male,26.0,1,2,C.A. 2315,20.575,,S
87,95,0,3,"Coxon, Mr. Daniel",Male,59.0,0,0,364500,7.25,,S
88,96,0,3,"Shorney, Mr. Charles Joseph",Male,71.0,0,0,374910,8.05,,S
89,97,0,1,"Goldschmidt, Mr. George B",Male,71.0,0,0,PC 17754,34.6542,A5,C
90,98,1,1,"Greenfield, Mr. William Bertram",Male,23.0,0,1,PC 17759,63.3583,D10 D12,C
91,99,1,2,"Doling, Mrs. John T (Ada Julia Bone)",Female,34.0,0,1,231919,23.0,,S
92,100,0,2,"Kantor, Mr. Sinai",Male,34.0,1,0,244367,26.0,,S
93,101,0,3,"Petranec, Miss. Matilda",Female,28.0,0,0,349245,7.8958,,S
94,102,0,3,"Petroff, Mr. Pastcho (""Pentcho"")",Male,71.0,0,0,349215,7.8958,,S
95,103,0,1,"White, Mr. Richard Frasar",Male,21.0,0,1,35281,77.2875,D26,S
96,104,0,3,"Johansson, Mr. Gustaf Joel",Male,33.0,0,0,7540,8.6542,,S
97,105,0,3,"Gustafsson, Mr. Anders Vilhelm",Male,37.0,2,0,3101276,7.925,,S
98,106,0,3,"Mionoff, Mr. Stoytcho",Male,28.0,0,0,349207,7.8958,,S
99,107,1,3,"Salkjelsvik, Miss. Anna Kristine",Female,21.0,0,0,343120,7.65,,S
100,108,1,3,"Moss, Mr. Albert Johan",Male,71.0,0,0,312991,7.775,,S
101,109,0,3,"Rekic, Mr. Tido",Male,38.0,0,0,349249,7.8958,,S
102,110,1,3,"Moran, Miss. Bertha",Female,71.0,1,0,371110,24.15,,Q
103,111,0,1,"Porter, Mr. Walter Chamberlain",Male,47.0,0,0,110465,52.0,C110,S
104,112,0,3,"Zabour, Miss. Hileni",Female,14.5,1,0,2665,14.4542,,C
105,113,0,3,"Barton, Mr. David John",Male,22.0,0,0,324669,8.05,,S
106,114,0,3,"Jussila, Miss. Katriina",Female,20.0,1,0,4136,9.825,,S
107,115,0,3,"Attalah, Miss. Malake",Female,17.0,0,0,2627,14.4583,,C
108,116,0,3,"Pekoniemi, Mr. Edvard",Male,21.0,0,0,STON/O 2. 3101294,7.925,,S
109,117,0,3,"Connors, Mr. Patrick",Male,70.5,0,0,370369,7.75,,Q
110,118,0,2,"Turpin, Mr. William John Robert",Male,29.0,1,0,11668,21.0,,S
111,119,0,1,"Baxter, Mr. Quigg Edmond",Male,24.0,0,1,PC 17558,247.5208,B58 B60,C
112,120,0,3,"Andersson, Miss. Ellis Anna Maria",Female,2.0,4,2,347082,31.275,,S
113,121,0,2,"Hickman, Mr. Stanley George",Male,21.0,2,0,S.O.C. 14879,73.5,,S
114,122,0,3,"Moore, Mr. Leonard Charles",Male,71.0,0,0,A4. 54510,8.05,,S
115,123,0,2,"Nasser, Mr. Nicholas",Male,32.5,1,0,237736,30.0708,,C
116,124,1,2,"Webber, Miss. Susan",Female,32.5,0,0,27267,13.0,E101,S
117,125,0,1,"White, Mr. Percival Wayland",Male,54.0,0,1,35281,77.2875,D26,S
118,126,1,3,"Nicola-Yarred, Master. Elias",Male,12.0,1,0,2651,11.2417,,C
119,127,0,3,"McMahon, Mr. Martin",Male,71.0,0,0,370372,7.75,,Q
120,128,1,3,"Madsen, Mr. Fridtjof Arne",Male,24.0,0,0,C 17369,7.1417,,S
121,129,1,3,"Peter, Miss. Anna",Female,71.0,1,1,2668,22.3583,F E69,C
122,130,0,3,"Ekstrom, Mr. Johan",Male,45.0,0,0,347061,6.975,,S
123,131,0,3,"Drazenoic, Mr. Jozef",Male,33.0,0,0,349241,7.8958,,C
124,132,0,3,"Coelho, Mr. Domingos Fernandeo",Male,20.0,0,0,SOTON/O.Q. 3101307,7.05,,S
125,133,0,3,"Robins, Mrs. Alexander A (Grace Charity Laury)",Female,47.0,1,0,A/5. 3337,14.5,,S
126,134,1,2,"Weisz, Mrs. Leopold (Mathilde Francoise Pede)",Female,29.0,1,0,228414,26.0,,S
127,135,0,2,"Sobey, Mr. Samuel James Hayden",Male,25.0,0,0,C.A. 29178,13.0,,S
128,136,0,2,"Richard, Mr. Emile",Male,23.0,0,0,SC/PARIS 2133,15.0458,,C
129,137,1,1,"Newsom, Miss. Helen Monypeny",Female,19.0,0,2,11752,26.2833,D47,S
130,138,0,1,"Futrelle, Mr. Jacques Heath",Male,37.0,1,0,113803,53.1,C123,S
131,139,0,3,"Osen, Mr. Olaf Elon",Male,16.0,0,0,7534,9.2167,,S
132,140,0,1,"Giglio, Mr. Victor",Male,24.0,0,0,PC 17593,79.2,B86,C
133,141,0,3,"Boulos, Mrs. Joseph (Sultana)",Female,71.0,0,2,2678,15.2458,,C
135,142,1,3,"Nysten, Miss. Anna Sofia",Female,22.0,0,0,347081,7.75,,S
136,143,1,3,"Hakkarainen, Mrs. Pekka Pietari (Elin Matilda Dolck)",Female,24.0,1,0,STON/O2. 3101279,15.85,,S
137,144,0,3,"Burke, Mr. Jeremiah",Male,19.0,0,0,365222,6.75,,Q
138,145,0,2,"Andrew, Mr. Edgardo Samuel",Male,18.0,0,0,231945,11.5,,S
139,146,0,2,"Nicholls, Mr. Joseph Charles",Male,19.0,1,1,C.A. 33112,36.75,,S
140,147,1,3,"Andersson, Mr. August Edvard (""Wennerstrom"")",Male,27.0,0,0,350043,7.7958,,S
141,148,0,3,"Ford, Miss. Robina Maggie ""Ruby""",Female,9.0,2,2,W./C. 6608,34.375,,S
143,150,0,2,"Byles, Rev. Thomas Roussel Davids",Male,42.0,0,0,244310,13.0,,S
144,151,0,2,"Bateman, Rev. Robert James",Male,51.0,0,0,S.O.P. 1166,12.525,,S
145,152,1,1,"Pears, Mrs. Thomas (Edith Wearne)",Female,22.0,1,0,113776,66.6,C2,S
146,154,0,3,"van Billiard, Mr. Austin Blyler",Male,40.5,0,2,A/5. 851,14.5,,S
147,155,0,3,"Olsen, Mr. Ole Martin",Male,71.0,0,0,Fa 265302,7.3125,,S
148,156,0,1,"Williams, Mr. Charles Duane",Male,51.0,0,1,PC 17597,61.3792,,C
